﻿Designator,Footprint,Quantity,Value,LCSC Part #
"3V3_TP1, BOOT0_TP1, COL1, COL2, COL3, COL4, COL5, COL6, NRST_TP1, ROW1, ROW2, ROW3, ROW4, ROW5, SWCLK_TP1, SWDIO_TP1, USART_TP1, USB_CONN_DN_TP1, USB_CONN_DP_TP1, USB_DN_TP1, USB_DP_TP1, VBUS_TP1",TestPoint_THTPad_D1.0mm_Drill0.5mm_reversible,22,TestPoint_Small,N/A
"C1, C3",0603,2,22uF,
"C13, C4",0603,2,4u7,C19666
"C14, C15, C16, C17, C18, C5, C6, C7, C8, C9",0603,10,100n,C1525
C2,0603,1,430pF,
"D1, D10, D11, D12, D13, D14, D15, D16, D17, D18, D19, D2, D20, D21, D22, D23, D24, D25, D26, D27, D28, D29, D3, D30, D31, D32, D33, D34, D35, D36, D37, D38, D39, D4, D40, D41, D42, D43, D44, D45, D46, D47, D48, D49, D5, D50, D51, D52, D6, D7, D8, D9",D_SOD-323_HandSoldering,52,1N4001,
"D59, D60, D61, D62, D63, D64",LED_WS2812B_PLCC4_5.0x5.0mm_P3.2mm,6,WS2812B,
"J1, J3",PinSocket_2x05_P1.27mm_Vertical_SMD,2,SWD,
"J2, J4",Jack_3.5mm_PJ320D_Horizontal,2,AudioJack4,C431535
"J5, J6",PinSocket_1x04_P1.00mm_Vertical_SMD_Pin1Left,2,I2C Extension,
"MCU1, MCU2",LQFP-48_7x7mm_P0.5mm,2,STM32F072CBTx,C81720
"R1, R4",0603,2,100k,
"R11, R5",0603,2,8.2k,
"R12, R6",0603,2,10k,C25744
"R2, R8",0603,2,5.1k,
R3,0603,1,309k,
"SW1, SW28",SW_SPDT_PCM12,2,SW_SPDT,C221841
"SW10, SW11, SW12, SW13, SW14, SW15, SW16, SW17, SW18, SW19, SW2, SW20, SW21, SW22, SW23, SW24, SW25, SW26, SW27, SW3, SW4, SW5, SW6, SW7, SW8, SW9",SW_Kailh_Choc_V2_1.00u_Reversible,26,SW_Push,N/A
U1,TPS82140SILR,1,TPS82140SILR,
"USB_P1, USB_P2",USB_C_Receptacle_XKB_U262-16XN-4BVC11,2,USB_C_Plug_USB2.0,C319148
USB_U1,SOT-23-6,1,USBLC6-2SC6,C323793
